{
    "outputs": ["dense_17_output"],
    "c_layers": [
        {
            "next": "dense_15",
            "op_by_type": {"smul_f32_f32": 768},
            "c_forward": "forward_dense",
            "macc": 768,
            "tensors": {
                "outputs": ["dense_15_dense_output"],
                "inputs": ["input_0_output"],
                "scratchs": [],
                "weights": [
                    "dense_15_dense_weights",
                    "dense_15_dense_bias"
                ]
            },
            "layer_type": "dense",
            "rom": 3072,
            "c_code_emit": true,
            "exec_time": {
                "duration_ms": 0.0025000001187436283,
                "counters": [],
                "percentage": 27.027027239618914,
                "cycles_by_macc": 0,
                "cycles": 0
            },
            "name": "dense_15_dense",
            "c_id": 0,
            "weight_sparsity": [
                0.03515625,
                768,
                27
            ],
            "m_id": 0
        },
        {
            "next": "dense_16_dense",
            "op_by_type": {"op_f32_f32": 64},
            "c_forward": "forward_relu",
            "macc": 64,
            "tensors": {
                "outputs": ["dense_15_output"],
                "inputs": ["dense_15_dense_output"],
                "scratchs": [],
                "weights": []
            },
            "layer_type": "nl",
            "rom": 0,
            "c_code_emit": true,
            "exec_time": {
                "duration_ms": 0.0013750000653089955,
                "counters": [],
                "percentage": 14.864864981790403,
                "cycles_by_macc": 0,
                "cycles": 0
            },
            "name": "dense_15",
            "c_id": 1,
            "weight_sparsity": [
                0,
                1,
                0
            ],
            "m_id": 0
        },
        {
            "next": "dense_16",
            "op_by_type": {"smul_f32_f32": 2080},
            "c_forward": "forward_dense",
            "macc": 2080,
            "tensors": {
                "outputs": ["dense_16_dense_output"],
                "inputs": ["dense_15_output"],
                "scratchs": [],
                "weights": [
                    "dense_16_dense_weights",
                    "dense_16_dense_bias"
                ]
            },
            "layer_type": "dense",
            "rom": 8320,
            "c_code_emit": true,
            "exec_time": {
                "duration_ms": 0.0025000000605359674,
                "counters": [],
                "percentage": 27.02702661034693,
                "cycles_by_macc": 0,
                "cycles": 0
            },
            "name": "dense_16_dense",
            "c_id": 2,
            "weight_sparsity": [
                0.006730769230769207,
                2080,
                14
            ],
            "m_id": 1
        },
        {
            "next": "dense_17_dense",
            "op_by_type": {"op_f32_f32": 32},
            "c_forward": "forward_relu",
            "macc": 32,
            "tensors": {
                "outputs": ["dense_16_output"],
                "inputs": ["dense_16_dense_output"],
                "scratchs": [],
                "weights": []
            },
            "layer_type": "nl",
            "rom": 0,
            "c_code_emit": true,
            "exec_time": {
                "duration_ms": 6.250000296859071E-4,
                "counters": [],
                "percentage": 6.756756809904728,
                "cycles_by_macc": 0,
                "cycles": 0
            },
            "name": "dense_16",
            "c_id": 3,
            "weight_sparsity": [
                0,
                1,
                0
            ],
            "m_id": 1
        },
        {
            "next": "dense_17",
            "op_by_type": {"smul_f32_f32": 66},
            "c_forward": "forward_dense",
            "macc": 66,
            "tensors": {
                "outputs": ["dense_17_dense_output"],
                "inputs": ["dense_16_output"],
                "scratchs": [],
                "weights": [
                    "dense_17_dense_weights",
                    "dense_17_dense_bias"
                ]
            },
            "layer_type": "dense",
            "rom": 264,
            "c_code_emit": true,
            "exec_time": {
                "duration_ms": 8.750000415602699E-4,
                "counters": [],
                "percentage": 9.45945953386662,
                "cycles_by_macc": 0,
                "cycles": 0
            },
            "name": "dense_17_dense",
            "c_id": 4,
            "weight_sparsity": [
                0,
                66,
                0
            ],
            "m_id": 2
        },
        {
            "next": "dense_17",
            "op_by_type": {"op_f32_f32": 30},
            "c_forward": "forward_sm",
            "macc": 30,
            "tensors": {
                "outputs": ["dense_17_output"],
                "inputs": ["dense_17_dense_output"],
                "scratchs": [],
                "weights": []
            },
            "layer_type": "nl",
            "rom": 0,
            "c_code_emit": true,
            "exec_time": {
                "duration_ms": 0.0013750000507570803,
                "counters": [],
                "percentage": 14.864864824472406,
                "cycles_by_macc": 0,
                "cycles": 0
            },
            "name": "dense_17",
            "c_id": 5,
            "weight_sparsity": [
                0,
                1,
                0
            ],
            "m_id": 2
        }
    ],
    "data_alignment": 4,
    "compilation_options": {
        "optimization": "balanced",
        "options": [
            "allocate-inputs",
            "allocate-outputs"
        ],
        "compression": "none"
    },
    "inputs": ["input_0_output"],
    "macc": 3040,
    "c_weights_header": 0,
    "activations_alignment": 4,
    "c_nodes_n": 6,
    "c_tensors_n": 13,
    "type": "keras",
    "c_arrays": [
        {
            "mem_pool": "activations",
            "offset": 8,
            "is_const": false,
            "format": "float32",
            "n_items": 2,
            "tensors": [{
                "shape": [
                    1,
                    2
                ],
                "name": "dense_17_output"
            }],
            "raw_fmt": "(FLOAT, 32 bit, C Size: 32 bits)",
            "c_mem_pool": "**default**",
            "padded": true,
            "size": 2,
            "c_type": "float",
            "name": "dense_17_output_array",
            "c_id": 0,
            "c_bits": 32,
            "c_size_in_byte": 8,
            "io_type": "output"
        },
        {
            "mem_pool": "weights",
            "offset": 0,
            "is_const": true,
            "format": "float32",
            "n_items": 704,
            "tensors": [{
                "shape": [
                    11,
                    64
                ],
                "name": "dense_15_dense_weights"
            }],
            "zeros": 0,
            "raw_fmt": "(FLOAT, 32 bit, C Size: 32 bits)",
            "c_mem_pool": "weights",
            "padded": true,
            "size": 704,
            "c_type": "const float",
            "name": "dense_15_dense_weights_array",
            "c_id": 1,
            "c_bits": 32,
            "c_size_in_byte": 2816
        },
        {
            "mem_pool": "weights",
            "offset": 2816,
            "is_const": true,
            "format": "float32",
            "n_items": 64,
            "tensors": [{
                "shape": [64],
                "name": "dense_15_dense_bias"
            }],
            "zeros": 27,
            "raw_fmt": "(FLOAT, 32 bit, C Size: 32 bits)",
            "c_mem_pool": "weights",
            "padded": true,
            "size": 64,
            "c_type": "const float",
            "name": "dense_15_dense_bias_array",
            "c_id": 2,
            "c_bits": 32,
            "c_size_in_byte": 256
        },
        {
            "mem_pool": "weights",
            "offset": 3072,
            "is_const": true,
            "format": "float32",
            "n_items": 2048,
            "tensors": [{
                "shape": [
                    64,
                    32
                ],
                "name": "dense_16_dense_weights"
            }],
            "zeros": 0,
            "raw_fmt": "(FLOAT, 32 bit, C Size: 32 bits)",
            "c_mem_pool": "weights",
            "padded": true,
            "size": 2048,
            "c_type": "const float",
            "name": "dense_16_dense_weights_array",
            "c_id": 3,
            "c_bits": 32,
            "c_size_in_byte": 8192
        },
        {
            "mem_pool": "weights",
            "offset": 11264,
            "is_const": true,
            "format": "float32",
            "n_items": 32,
            "tensors": [{
                "shape": [32],
                "name": "dense_16_dense_bias"
            }],
            "zeros": 14,
            "raw_fmt": "(FLOAT, 32 bit, C Size: 32 bits)",
            "c_mem_pool": "weights",
            "padded": true,
            "size": 32,
            "c_type": "const float",
            "name": "dense_16_dense_bias_array",
            "c_id": 4,
            "c_bits": 32,
            "c_size_in_byte": 128
        },
        {
            "mem_pool": "weights",
            "offset": 11392,
            "is_const": true,
            "format": "float32",
            "n_items": 64,
            "tensors": [{
                "shape": [
                    32,
                    2
                ],
                "name": "dense_17_dense_weights"
            }],
            "zeros": 0,
            "raw_fmt": "(FLOAT, 32 bit, C Size: 32 bits)",
            "c_mem_pool": "weights",
            "padded": true,
            "size": 64,
            "c_type": "const float",
            "name": "dense_17_dense_weights_array",
            "c_id": 5,
            "c_bits": 32,
            "c_size_in_byte": 256
        },
        {
            "mem_pool": "weights",
            "offset": 11648,
            "is_const": true,
            "format": "float32",
            "n_items": 2,
            "tensors": [{
                "shape": [2],
                "name": "dense_17_dense_bias"
            }],
            "zeros": 0,
            "raw_fmt": "(FLOAT, 32 bit, C Size: 32 bits)",
            "c_mem_pool": "weights",
            "padded": true,
            "size": 2,
            "c_type": "const float",
            "name": "dense_17_dense_bias_array",
            "c_id": 6,
            "c_bits": 32,
            "c_size_in_byte": 8
        },
        {
            "mem_pool": "activations",
            "offset": 84,
            "is_const": false,
            "format": "float32",
            "n_items": 11,
            "tensors": [{
                "shape": [
                    1,
                    11
                ],
                "name": "input_0_output"
            }],
            "raw_fmt": "(FLOAT, 32 bit, C Size: 32 bits)",
            "c_mem_pool": "**default**",
            "padded": true,
            "size": 11,
            "c_type": "float",
            "name": "input_0_output_array",
            "c_id": 7,
            "c_bits": 32,
            "c_size_in_byte": 44,
            "io_type": "input"
        },
        {
            "mem_pool": "activations",
            "offset": 128,
            "is_const": false,
            "format": "float32",
            "n_items": 64,
            "tensors": [{
                "shape": [
                    1,
                    64
                ],
                "name": "dense_15_dense_output"
            }],
            "raw_fmt": "(FLOAT, 32 bit, C Size: 32 bits)",
            "c_mem_pool": "**default**",
            "padded": true,
            "size": 64,
            "c_type": "float",
            "name": "dense_15_dense_output_array",
            "c_id": 8,
            "c_bits": 32,
            "c_size_in_byte": 256
        },
        {
            "mem_pool": "activations",
            "offset": 128,
            "is_const": false,
            "format": "float32",
            "n_items": 64,
            "tensors": [{
                "shape": [
                    1,
                    64
                ],
                "name": "dense_15_output"
            }],
            "raw_fmt": "(FLOAT, 32 bit, C Size: 32 bits)",
            "c_mem_pool": "**default**",
            "padded": true,
            "size": 64,
            "c_type": "float",
            "name": "dense_15_output_array",
            "c_id": 9,
            "c_bits": 32,
            "c_size_in_byte": 256
        },
        {
            "mem_pool": "activations",
            "offset": 0,
            "is_const": false,
            "format": "float32",
            "n_items": 32,
            "tensors": [{
                "shape": [
                    1,
                    32
                ],
                "name": "dense_16_dense_output"
            }],
            "raw_fmt": "(FLOAT, 32 bit, C Size: 32 bits)",
            "c_mem_pool": "**default**",
            "padded": true,
            "size": 32,
            "c_type": "float",
            "name": "dense_16_dense_output_array",
            "c_id": 10,
            "c_bits": 32,
            "c_size_in_byte": 128
        },
        {
            "mem_pool": "activations",
            "offset": 128,
            "is_const": false,
            "format": "float32",
            "n_items": 32,
            "tensors": [{
                "shape": [
                    1,
                    32
                ],
                "name": "dense_16_output"
            }],
            "raw_fmt": "(FLOAT, 32 bit, C Size: 32 bits)",
            "c_mem_pool": "**default**",
            "padded": true,
            "size": 32,
            "c_type": "float",
            "name": "dense_16_output_array",
            "c_id": 11,
            "c_bits": 32,
            "c_size_in_byte": 128
        },
        {
            "mem_pool": "activations",
            "offset": 0,
            "is_const": false,
            "format": "float32",
            "n_items": 2,
            "tensors": [{
                "shape": [
                    1,
                    2
                ],
                "name": "dense_17_dense_output"
            }],
            "raw_fmt": "(FLOAT, 32 bit, C Size: 32 bits)",
            "c_mem_pool": "**default**",
            "padded": true,
            "size": 2,
            "c_type": "float",
            "name": "dense_17_dense_output_array",
            "c_id": 12,
            "c_bits": 32,
            "c_size_in_byte": 8
        }
    ],
    "c_activations_count": 1,
    "date_time": "Fri Dec  1 17:12:42 2023",
    "model_name": "shiva1000",
    "tool_version": {
        "major": 1,
        "minor": 7,
        "micro": 0
    },
    "c_intq_n": 0,
    "stm_ai_version": {
        "major": 8,
        "minor": 1,
        "micro": 0,
        "extra": "19520"
    },
    "model_fmt": "float",
    "c_weights_count": 1,
    "weights": {"weights_array": {
        "buffer_data_size": 11656,
        "pool_size": 11656,
        "buffer_c_name": "NULL",
        "buffer_offsets": [
            {
                "lite_tag": null,
                "offset": 0,
                "size": 2816,
                "start_offset": 0,
                "buffer_name": "dense_15_dense_weights_array"
            },
            {
                "lite_tag": null,
                "offset": 2816,
                "size": 256,
                "start_offset": 2816,
                "buffer_name": "dense_15_dense_bias_array"
            },
            {
                "lite_tag": null,
                "offset": 3072,
                "size": 8192,
                "start_offset": 3072,
                "buffer_name": "dense_16_dense_weights_array"
            },
            {
                "lite_tag": null,
                "offset": 11264,
                "size": 128,
                "start_offset": 11264,
                "buffer_name": "dense_16_dense_bias_array"
            },
            {
                "lite_tag": null,
                "offset": 11392,
                "size": 256,
                "start_offset": 11392,
                "buffer_name": "dense_17_dense_weights_array"
            },
            {
                "lite_tag": null,
                "offset": 11648,
                "size": 8,
                "start_offset": 11648,
                "buffer_name": "dense_17_dense_bias_array"
            }
        ],
        "buffer_c_name_addr": "NULL",
        "pool_id": 0
    }},
    "memory_footprint": {
        "kernel_ram": 0,
        "kernel_flash": 30720,
        "io": [
            0,
            0
        ],
        "series": "generic",
        "activations": 384,
        "weights": 11656
    },
    "version": "1.2",
    "tool_api_version": {
        "major": 1,
        "minor": 5,
        "micro": 0
    },
    "model_signature": "e1f337f2b9332e2c3457d018884313ee",
    "params_alignment": 4,
    "activations": {"heap_overlay_pool": {
        "buffer_data_size": 0,
        "pool_size": 384,
        "buffer_c_name": "NULL",
        "buffer_offsets": [
            {
                "lite_tag": null,
                "offset": 84,
                "size": 44,
                "start_offset": 84,
                "buffer_name": "input_0_output_array"
            },
            {
                "lite_tag": null,
                "offset": 128,
                "size": 256,
                "start_offset": 128,
                "buffer_name": "dense_15_dense_output_array"
            },
            {
                "lite_tag": null,
                "offset": 128,
                "size": 256,
                "start_offset": 128,
                "buffer_name": "dense_15_output_array"
            },
            {
                "lite_tag": null,
                "offset": 0,
                "size": 128,
                "start_offset": 0,
                "buffer_name": "dense_16_dense_output_array"
            },
            {
                "lite_tag": null,
                "offset": 128,
                "size": 128,
                "start_offset": 128,
                "buffer_name": "dense_16_output_array"
            },
            {
                "lite_tag": null,
                "offset": 0,
                "size": 8,
                "start_offset": 0,
                "buffer_name": "dense_17_dense_output_array"
            },
            {
                "lite_tag": null,
                "offset": 8,
                "size": 8,
                "start_offset": 8,
                "buffer_name": "dense_17_output_array"
            }
        ],
        "buffer_c_name_addr": "NULL",
        "pool_id": 0
    }},
    "exec_time": {
        "duration_ms": 0.009250000366591848,
        "cycles_by_macc": 0,
        "cycles": 0,
        "device": "AMD64 Intel64 Family 6 Model 140 Stepping 1, GenuineIntel (Windows)"
    },
    "c_arrays_n": 13,
    "c_name": "network",
    "memory_pools": []
}