{
    "_allocate_inputs": 4,
    "_allocate_outputs": 4,
    "cli_parameters": "validate --name network -m C:/Users/SRI VENKATESWARA AGE/Downloads/shiva1000.h5 --type keras --compression none --verbosity 1 --workspace C:\\Users\\SRIVEN~1\\AppData\\Local\\Temp\\mxAI_workspace309211593901005117004682321050818 --output C:\\Users\\SRI VENKATESWARA AGE\\.stm32cubemx\\network_output --allocate-inputs --allocate-outputs",
    "cli_version": {
        "major": 1,
        "micro": 0,
        "minor": 7
    },
    "cli_version_str": "1.7.0",
    "code_size": 0,
    "compression": {
        "factor": null,
        "layers": {}
    },
    "date_time": "Fri Dec  1 17:12:42 2023",
    "error": 0,
    "error_str": [],
    "exec_cmd": "validate",
    "exec_duration": 0.0,
    "hash": "e1f337f2b9332e2c3457d018884313ee",
    "inputs": [
        "input_0"
    ],
    "layers": [
        {
            "c_id": [
                0,
                1
            ],
            "extras": {
                "n_macc": 0,
                "n_params": 0,
                "psize": 0,
                "rom_output": {
                    "c_size": 44,
                    "fmt": {
                        "format": "float"
                    },
                    "shape": [
                        11,
                        1
                    ]
                },
                "rom_size": 3072
            },
            "id": 0,
            "inputs": [],
            "name": "input_0",
            "original": null,
            "type": "Input"
        },
        {
            "c_id": [],
            "extras": {
                "n_macc": 768,
                "n_params": 768,
                "psize": 3072,
                "rom_output": {
                    "c_size": 256,
                    "fmt": {
                        "format": "float"
                    },
                    "shape": [
                        64,
                        1
                    ]
                },
                "rom_size": 0
            },
            "id": 0,
            "inputs": [
                "input_0"
            ],
            "name": "dense_15_dense",
            "original": "Dense",
            "type": "Dense"
        },
        {
            "c_id": [],
            "extras": {
                "n_macc": 64,
                "n_params": 0,
                "psize": 0,
                "rom_output": {
                    "c_size": 256,
                    "fmt": {
                        "format": "float"
                    },
                    "shape": [
                        64,
                        1
                    ]
                },
                "rom_size": 0
            },
            "id": 0,
            "inputs": [
                "dense_15_dense"
            ],
            "name": "dense_15",
            "original": "Dense",
            "type": "Nonlinearity"
        },
        {
            "c_id": [
                2,
                3
            ],
            "extras": {
                "n_macc": 2080,
                "n_params": 2080,
                "psize": 8320,
                "rom_output": {
                    "c_size": 128,
                    "fmt": {
                        "format": "float"
                    },
                    "shape": [
                        32,
                        1
                    ]
                },
                "rom_size": 8320
            },
            "id": 1,
            "inputs": [
                "dense_15"
            ],
            "name": "dense_16_dense",
            "original": "Dense",
            "type": "Dense"
        },
        {
            "c_id": [],
            "extras": {
                "n_macc": 32,
                "n_params": 0,
                "psize": 0,
                "rom_output": {
                    "c_size": 128,
                    "fmt": {
                        "format": "float"
                    },
                    "shape": [
                        32,
                        1
                    ]
                },
                "rom_size": 0
            },
            "id": 1,
            "inputs": [
                "dense_16_dense"
            ],
            "name": "dense_16",
            "original": "Dense",
            "type": "Nonlinearity"
        },
        {
            "c_id": [
                4,
                5
            ],
            "extras": {
                "n_macc": 66,
                "n_params": 66,
                "psize": 264,
                "rom_output": {
                    "c_size": 8,
                    "fmt": {
                        "format": "float"
                    },
                    "shape": [
                        2,
                        1
                    ]
                },
                "rom_size": 264
            },
            "id": 2,
            "inputs": [
                "dense_16"
            ],
            "name": "dense_17_dense",
            "original": "Dense",
            "type": "Dense"
        },
        {
            "c_id": [],
            "extras": {
                "n_macc": 30,
                "n_params": 0,
                "psize": 0,
                "rom_output": {
                    "c_size": 8,
                    "fmt": {
                        "format": "float"
                    },
                    "shape": [
                        2,
                        1
                    ]
                },
                "rom_size": 0
            },
            "id": 2,
            "inputs": [
                "dense_17_dense"
            ],
            "name": "dense_17",
            "original": "Dense",
            "type": "Nonlinearity"
        }
    ],
    "model_files": [
        "C:\\Users\\SRI VENKATESWARA AGE\\Downloads\\shiva1000.h5"
    ],
    "model_n_params": 2914,
    "model_name": "shiva1000",
    "model_size": 11656,
    "model_type": "keras",
    "name": "network",
    "outputs": [
        "dense_17"
    ],
    "ram_io_size": [
        44,
        8
    ],
    "ram_size": [
        384,
        384
    ],
    "report_version": 1.1,
    "rom_cfact": 1.0,
    "rom_heap_inspector": 2048,
    "rom_inputs": [
        {
            "c_size": 44,
            "c_type": "float",
            "name": "input_0"
        }
    ],
    "rom_n_macc": 3040,
    "rom_outputs": [
        {
            "c_size": 8,
            "c_type": "float",
            "name": "dense_17"
        }
    ],
    "rom_size": 11656,
    "strategy": "heap_overlay",
    "tools_api_version": {
        "major": 1,
        "micro": 0,
        "minor": 7
    },
    "tools_version": {
        "extra": "19520",
        "major": 8,
        "micro": 0,
        "minor": 1
    },
    "val_error": 4.406666143097482e-09,
    "val_error_desc": "x-cross (l2r) #1",
    "val_metrics": [
        {
            "acc": "100.00%",
            "cos": 1.0,
            "desc": "X-cross #1",
            "l2r": 4.406666143097482e-09,
            "mae": 1.210719302591201e-09,
            "mean": -4.656612873077393e-10,
            "nse": 1.0,
            "rmse": 3.071247034469593e-09,
            "std": 3.1146036860718596e-09,
            "ts_name": "dense_17, ai_float, (1,2), m_id=[2]"
        }
    ]
}